Stock,Open,High,Low,Close,Adj Close,Volume,Revenue,Cost-Of-Goods-Sold,Gross-Profit,Research-And-Development-Expenses,SG&A-Expenses,Other-Operating-Income-Or-Expenses,Operating-Expenses,Operating-Income,Total-Non-Operating-Income/Expense,Pre-Tax-Income,Income-Taxes,Income-After-Taxes,Other-Income,Income-From-Continuous-Operations,Income-From-Discontinued-Operations,Net-Income,EBITDA,EBIT,Basic-Shares-Outstanding,Shares-Outstanding,Basic-EPS,EPS---Earnings-Per-Share
PANW,243.25,244.770004,240.468002,242.720001,242.720001,2126348,1720900000.0,474800000.0,1246100000.0,413700000.0,753700000.0,0.0,1167400000.0,78700100.0,52300000.0,131000000.0,23200000.0,107800000.0,0.0,107800000.0,0.0,107800000.0,246200100.0,78700100.0,303900000.0,344700000.0,350000.0,310000.0
CRWD,154.110001,166.25,160.309998,161.229996,161.229996,4214225,692580000.0,169230000.0,523350000.0,179065000.0,363741000.0,0.0,542806000.0,-19456000.0,24364000.0,4908000.0,4409000.0,499000.0,0.0,499000.0,0.0,491000.0,66449000.0,-19456000.0,236414000.0,240598000.0,0.0,0.0
CSCO,57.099998,58.185001,57.389999,57.84,57.84,13960834,15203000000.0,5455000000.0,9748000000.0,1953000000.0,3269000000.0,0.0,5495000000.0,4253000000.0,218000000.0,4471000000.0,513000000.0,3958000000.0,0.0,3958000000.0,0.0,3958000000.0,0.0,4253000000.0,4071000000.0,4093000000.0,970000.0,970000.0
