Stock,Open,High,Low,Close,Adj Close,Volume,Revenue,Cost-Of-Goods-Sold,Gross-Profit,Research-And-Development-Expenses,SG&A-Expenses,Other-Operating-Income-Or-Expenses,Operating-Expenses,Operating-Income,Total-Non-Operating-Income/Expense,Pre-Tax-Income,Income-Taxes,Income-After-Taxes,Other-Income,Income-From-Continuous-Operations,Income-From-Discontinued-Operations,Net-Income,EBITDA,EBIT,Basic-Shares-Outstanding,Shares-Outstanding,Basic-EPS,EPS---Earnings-Per-Share
ESTC,73.349998,76.300003,72.029999,75.019997,75.019997,2099400,279941000.0,73682000.0,206259000.0,81765000.0,163158000.0,0.0,246415000.0,-40156100.0,396000.0,-39760000.0,6971000.0,-46731000.0,0.0,-46731000.0,0.0,-46731000.0,-18505100.0,-40156000.0,95729800.0,95729800.0,-470000.0,-470000.0
PANW,242.710007,245.25,240.25,245.070007,245.070007,2096600,1720900000.0,474800000.0,1246100000.0,413700000.0,753700000.0,0.0,1167400000.0,78700100.0,52300000.0,131000000.0,23200000.0,107800000.0,0.0,107800000.0,0.0,107800000.0,246200100.0,78700100.0,303900000.0,344700000.0,350000.0,310000.0
CRWD,161.029999,165.589996,160.100006,165.429993,165.429993,3284400,731626000.0,182917000.0,548709000.0,179362000.0,384720000.0,0.0,564082000.0,-15373000.0,28460000.0,13087000.0,4611000.0,8476000.0,0.0,8476000.0,0.0,8472000.0,76059000.0,-15373000.0,237911000.0,242144000.0,40000.0,30000.0
CSCO,57.82,57.82,57.23,57.259998,57.259998,13884600,15203000000.0,5455000000.0,9748000000.0,1953000000.0,3269000000.0,0.0,5495000000.0,4253000000.0,218000000.0,4471000000.0,513000000.0,3958000000.0,0.0,3958000000.0,0.0,3958000000.0,0.0,4253000000.0,4071000000.0,4093000000.0,970000.0,970000.0
AAPL,188.279999,189.979996,187.610001,189.699997,189.699997,45230700,81797000000.0,45384000000.0,36413000000.0,7442000000.0,5973000000.0,0.0,13415000000.0,22998000000.0,-265000000.0,22733000000.0,2852000000.0,19881000000.0,0.0,19881000000.0,0.0,19881000000.0,26050000000.0,22998000000.0,15697610000.0,15775020000.0,1270000.0,1260000.0
